<?xml version='1.0' encoding='UTF-8' ?>
<timeLogEntries>
  <time id="1" path="/Tarea Integradora/PSP0/Planning" start="@1600294622064" delta="134" />
  <time id="2" path="/Tarea Integradora/PSP0/Design" start="@1600449099032" delta="120" />
  <time id="3" path="/Tarea Integradora/PSP0/Design" start="@1600473762023" delta="99" />
  <time id="4" path="/Tarea Integradora/PSP0/Code" start="@1600811853622" delta="92" />
  <time id="5" path="/Tarea Integradora/PSP0/Design" start="@1600817369457" delta="52" />
  <time id="6" path="/Tarea Integradora/PSP0/Code" start="@1601049872218" delta="121" />
  <time id="7" path="/Tarea Integradora/PSP0/Code" start="@1601219601762" delta="153" />
  <time id="8" path="/Tarea Integradora/PSP0/Test" start="@1601340366051" delta="106" />
  <time id="9" path="/Tarea Integradora/PSP0/Test" start="@1601404097548" delta="158" />
  <time id="10" path="/Tarea Integradora/PSP0/Code" start="@1601419136363" delta="169" interrupt="64" />
  <time id="11" path="/Tarea Integradora/PSP0/Code" start="@1601475099823" delta="110" />
  <time id="12" path="/Tarea Integradora/PSP0/Code" start="@1601498932567" delta="186" />
  <time id="13" path="/Tarea Integradora/PSP0/Postmortem" start="@1601511551975" delta="3" />
  <time id="14" path="/Tarea Integradora 2/PSP0/Planning" start="@1602812949853" delta="70" />
  <time id="15" path="/Tarea Integradora 2/PSP0/Planning" start="@1603318272343" delta="30" />
  <time id="16" path="/Tarea Integradora 2/PSP0/Planning" start="@1603496861464" delta="4" />
  <time id="17" path="/Tarea Integradora 2/PSP0/Design" start="@1603497083579" delta="82" />
  <time id="18" path="/Tarea Integradora 2/PSP0/Design" start="@1603568097216" delta="69" />
  <time id="19" path="/Tarea Integradora 2/PSP0/Design" start="@1603767315513" delta="82" />
  <time id="20" path="/Tarea Integradora 2/PSP0/Planning" start="@1604176430352" delta="29" />
  <time id="21" path="/Tarea Integradora 2/PSP0/Code" start="@1604178180340" delta="273" />
  <time id="22" path="/Tarea Integradora 2/PSP0/Code" start="@1604242456842" delta="228" />
  <time id="23" path="/Tarea Integradora 2/PSP0/Code" start="@1604268024389" delta="90" />
  <time id="24" path="/Tarea Integradora 2/PSP0/Code" start="@1604449448714" delta="151" />
  <time id="25" path="/Tarea Integradora 2/PSP0/Code" start="@1604524830656" delta="228" />
  <time id="26" path="/Tarea Integradora 2/PSP0/Code" start="@1604628884730" delta="98" />
  <time id="27" path="/Tarea Integradora 2/PSP0/Code" start="@1604678775447" delta="197" />
  <time id="28" path="/Tarea Integradora 2/PSP0/Code" start="@1604707445479" delta="28" />
  <time id="29" path="/Gmap c#/PSP0/Planning" start="@1613760329168" delta="109" />
  <time id="30" path="/Gmap c#/PSP0/Design" start="@1613843280141" delta="34" />
  <time id="31" path="/Gmap c#/PSP0/Code" start="@1613934716927" delta="250" />
</timeLogEntries>
